Type,Name,Request Count,Failure Count,Median Response Time,Average Response Time,Min Response Time,Max Response Time,Average Content Size,Requests/s,Failures/s,50%,66%,75%,80%,90%,95%,98%,99%,99.9%,99.99%,100%
GET,Load Dashboard,87,0,1000.0,1191.7288781608047,612.7573999983724,3169.693700008793,3456.0919540229884,1.497580652856356,0.0,1000,1300,1500,1600,2300,2800,3000,3200,3200,3200,3200
GET,Open Dashboard,10,0,1000.0,1001.8410899938317,633.8225999788847,1407.9994999920018,3455.0,0.1721357072248685,0.0,1000,1100,1200,1400,1400,1400,1400,1400,1400,1400,1400
GET,Open Login Page,10,0,930.0,982.6831200043671,785.0713999941945,1263.628900022013,3458.2,0.1721357072248685,0.0,950,970,1200,1200,1300,1300,1300,1300,1300,1300,1300
GET,View Admin Users,83,0,990.0,1217.9117614465783,614.7620999836363,3082.0642999897245,3458.987951807229,1.4287263699664088,0.0,990,1400,1500,1600,2100,2800,3000,3100,3100,3100,3100
,Aggregated,190,0,990.0,1182.1701615791474,612.7573999983724,3169.693700008793,3457.4105263157894,3.2705784372725017,0.0,1000,1300,1400,1600,2100,2800,3000,3100,3200,3200,3200
